POP,CASES,DEATHS,CASERATE,DEATHRATE
10609148,192874,3273,18.179970719609152,0.3085073372527181
